[
    {
        "type": "game",
        "name": "Beyond Hanwell Teaser: The Royal Hallamshire",
        "steam_appid": 2573320,
        "required_age": 0,
        "is_free": true,
        "controller_support": "full",
        "detailed_description": "<i>Beyond Hanwell is currently in very early active development, please report any bugs or preferences via Steam's discussion boards. I'll try to keep the teaser updated as I develop the full game. Thanks! - Nathan</i><h2 class=\"bb_tag\">Beyond Hanwell: The Royal Hallamshire</h2>Head through the gates of The Royal Hallamshire and discover it's secrets. A hospital far beyond the borough of Hanwell, The Royal Hallamshire is a standalone teaser to the upcoming psychological/survival horror <strong>Beyond Hanwell</strong>.<br><br><ul class=\"bb_ul\"><li>Dual control melee combat system, land each hit and combo with satisfying intensity.<br></li><li>Play your own your own way, non linear open gameplay makes for a unique experience. With multiple ways to complete the location.<br></li><li>Immersive. All player feedback is displayed in game, with no HUD whatsoever to keep you immersed and the tension high.</li></ul><br><img class=\"bb_img\" src=\"https://shared.akamai.steamstatic.com/store_item_assets/steam/apps/2573320/extras/BH_GIF00086473_O.gif?t=1721760065\" /><br>Explore a dynamic environment. Play through The Royal Hallamshire multiple times and discover new ways to finish the location with their secrets.<br><br><img class=\"bb_img\" src=\"https://shared.akamai.steamstatic.com/store_item_assets/steam/apps/2573320/extras/BH_GIF00086400_O.gif?t=1721760065\" /><br>We're trying to create an effortless control scheme, navigate the environment naturally with minimal tutorial.<br><br><img class=\"bb_img\" src=\"https://shared.akamai.steamstatic.com/store_item_assets/steam/apps/2573320/extras/BH_GIF00086657_O.gif?t=1721760065\" /><br>The Royal Hallamshire is dense, detailed and atmospheric, explore, search, scavenge and survive.<br><br><img class=\"bb_img\" src=\"https://shared.akamai.steamstatic.com/store_item_assets/steam/apps/2573320/extras/BH_GIF00086728_O.gif?t=1721760065\" /><br>Interact with the world in various ways, use the environment to take out enemies or open up new paths to discover.<br><br><img class=\"bb_img\" src=\"https://shared.akamai.steamstatic.com/store_item_assets/steam/apps/2573320/extras/BH_GIF00086815_O.gif?t=1721760065\" /><br>Dual combat system and environmental blocks. Open up different paths based on what you have available at the time.",
        "about_the_game": "<i>Beyond Hanwell is currently in very early active development, please report any bugs or preferences via Steam's discussion boards. I'll try to keep the teaser updated as I develop the full game. Thanks! - Nathan</i><h2 class=\"bb_tag\">Beyond Hanwell: The Royal Hallamshire</h2>Head through the gates of The Royal Hallamshire and discover it's secrets. A hospital far beyond the borough of Hanwell, The Royal Hallamshire is a standalone teaser to the upcoming psychological/survival horror <strong>Beyond Hanwell</strong>.<br><br><ul class=\"bb_ul\"><li>Dual control melee combat system, land each hit and combo with satisfying intensity.<br></li><li>Play your own your own way, non linear open gameplay makes for a unique experience. With multiple ways to complete the location.<br></li><li>Immersive. All player feedback is displayed in game, with no HUD whatsoever to keep you immersed and the tension high.</li></ul><br><img class=\"bb_img\" src=\"https://shared.akamai.steamstatic.com/store_item_assets/steam/apps/2573320/extras/BH_GIF00086473_O.gif?t=1721760065\" /><br>Explore a dynamic environment. Play through The Royal Hallamshire multiple times and discover new ways to finish the location with their secrets.<br><br><img class=\"bb_img\" src=\"https://shared.akamai.steamstatic.com/store_item_assets/steam/apps/2573320/extras/BH_GIF00086400_O.gif?t=1721760065\" /><br>We're trying to create an effortless control scheme, navigate the environment naturally with minimal tutorial.<br><br><img class=\"bb_img\" src=\"https://shared.akamai.steamstatic.com/store_item_assets/steam/apps/2573320/extras/BH_GIF00086657_O.gif?t=1721760065\" /><br>The Royal Hallamshire is dense, detailed and atmospheric, explore, search, scavenge and survive.<br><br><img class=\"bb_img\" src=\"https://shared.akamai.steamstatic.com/store_item_assets/steam/apps/2573320/extras/BH_GIF00086728_O.gif?t=1721760065\" /><br>Interact with the world in various ways, use the environment to take out enemies or open up new paths to discover.<br><br><img class=\"bb_img\" src=\"https://shared.akamai.steamstatic.com/store_item_assets/steam/apps/2573320/extras/BH_GIF00086815_O.gif?t=1721760065\" /><br>Dual combat system and environmental blocks. Open up different paths based on what you have available at the time.",
        "short_description": "The Royal Hallamshire is a standalone teaser to the upcoming psychological horror Beyond Hanwell.",
        "supported_languages": "English<strong>*</strong><br><strong>*</strong>languages with full audio support",
        "header_image": "https://shared.akamai.steamstatic.com/store_item_assets/steam/apps/2573320/header.jpg?t=1721760065",
        "capsule_image": "https://shared.akamai.steamstatic.com/store_item_assets/steam/apps/2573320/capsule_231x87.jpg?t=1721760065",
        "capsule_imagev5": "https://shared.akamai.steamstatic.com/store_item_assets/steam/apps/2573320/capsule_184x69.jpg?t=1721760065",
        "website": null,
        "pc_requirements": {
            "minimum": "<strong>Minimum:</strong><br><ul class=\"bb_ul\"><li><strong>OS:</strong> Windows 10<br></li><li><strong>Processor:</strong> Quad-core Intel or AMD at 2.5 GHz<br></li><li><strong>Graphics:</strong> Any DirectX 11 or 12 compatible card<br></li><li><strong>DirectX:</strong> Version 11</li></ul>",
            "recommended": "<strong>Recommended:</strong><br><ul class=\"bb_ul\"><li><strong>OS:</strong> Windows 11<br></li><li><strong>Processor:</strong> Six-Core Intel or AMD at 3.4 GHz<br></li><li><strong>Graphics:</strong> NVIDIA GeForce RTX 2080 SUPER or AMD Radeon RX 6700 XT<br></li><li><strong>DirectX:</strong> Version 12</li></ul>"
        },
        "mac_requirements": [],
        "linux_requirements": [],
        "developers": [
            "Steel Arts Software Ltd"
        ],
        "publishers": [
            "Steel Arts Software Ltd"
        ],
        "package_groups": [],
        "platforms": {
            "windows": true,
            "mac": false,
            "linux": false
        },
        "categories": [
            {
                "id": 2,
                "description": "Single-player"
            },
            {
                "id": 28,
                "description": "Full controller support"
            }
        ],
        "genres": [
            {
                "id": "1",
                "description": "Action"
            },
            {
                "id": "25",
                "description": "Adventure"
            },
            {
                "id": "23",
                "description": "Indie"
            }
        ],
        "screenshots": [
            {
                "id": 0,
                "path_thumbnail": "https://shared.akamai.steamstatic.com/store_item_assets/steam/apps/2573320/ss_cb64fa0fb91ec09a798564f8bce326339ee1a2d9.600x338.jpg?t=1721760065",
                "path_full": "https://shared.akamai.steamstatic.com/store_item_assets/steam/apps/2573320/ss_cb64fa0fb91ec09a798564f8bce326339ee1a2d9.1920x1080.jpg?t=1721760065"
            },
            {
                "id": 1,
                "path_thumbnail": "https://shared.akamai.steamstatic.com/store_item_assets/steam/apps/2573320/ss_fe22bda430ade51fc4f604b7fc322df7efbc9b7f.600x338.jpg?t=1721760065",
                "path_full": "https://shared.akamai.steamstatic.com/store_item_assets/steam/apps/2573320/ss_fe22bda430ade51fc4f604b7fc322df7efbc9b7f.1920x1080.jpg?t=1721760065"
            },
            {
                "id": 2,
                "path_thumbnail": "https://shared.akamai.steamstatic.com/store_item_assets/steam/apps/2573320/ss_1f280f04fee2c4270fc844ab84f094074333f45c.600x338.jpg?t=1721760065",
                "path_full": "https://shared.akamai.steamstatic.com/store_item_assets/steam/apps/2573320/ss_1f280f04fee2c4270fc844ab84f094074333f45c.1920x1080.jpg?t=1721760065"
            },
            {
                "id": 3,
                "path_thumbnail": "https://shared.akamai.steamstatic.com/store_item_assets/steam/apps/2573320/ss_89efdd925c5f797845937cb0b223bf4714f924bf.600x338.jpg?t=1721760065",
                "path_full": "https://shared.akamai.steamstatic.com/store_item_assets/steam/apps/2573320/ss_89efdd925c5f797845937cb0b223bf4714f924bf.1920x1080.jpg?t=1721760065"
            },
            {
                "id": 4,
                "path_thumbnail": "https://shared.akamai.steamstatic.com/store_item_assets/steam/apps/2573320/ss_9567374d71ca7946bd1b56c58c78553458b93548.600x338.jpg?t=1721760065",
                "path_full": "https://shared.akamai.steamstatic.com/store_item_assets/steam/apps/2573320/ss_9567374d71ca7946bd1b56c58c78553458b93548.1920x1080.jpg?t=1721760065"
            },
            {
                "id": 5,
                "path_thumbnail": "https://shared.akamai.steamstatic.com/store_item_assets/steam/apps/2573320/ss_5f26a268d55779dc8c4904b290827521174cbc1e.600x338.jpg?t=1721760065",
                "path_full": "https://shared.akamai.steamstatic.com/store_item_assets/steam/apps/2573320/ss_5f26a268d55779dc8c4904b290827521174cbc1e.1920x1080.jpg?t=1721760065"
            }
        ],
        "movies": [
            {
                "id": 256970040,
                "name": "Beyond Hanwell Teaser",
                "thumbnail": "https://shared.akamai.steamstatic.com/store_item_assets/steam/apps/256970040/movie.293x165.jpg?t=1694946719",
                "webm": {
                    "480": "http://video.akamai.steamstatic.com/store_trailers/256970040/movie480_vp9.webm?t=1694946719",
                    "max": "http://video.akamai.steamstatic.com/store_trailers/256970040/movie_max_vp9.webm?t=1694946719"
                },
                "mp4": {
                    "480": "http://video.akamai.steamstatic.com/store_trailers/256970040/movie480.mp4?t=1694946719",
                    "max": "http://video.akamai.steamstatic.com/store_trailers/256970040/movie_max.mp4?t=1694946719"
                },
                "highlight": true
            }
        ],
        "release_date": {
            "coming_soon": false,
            "date": "26 Oct, 2023"
        },
        "support_info": {
            "url": "http://www.steelartssoftware.com",
            "email": "public@steelartssoftware.com"
        },
        "background": "https://shared.akamai.steamstatic.com/store_item_assets/steam/apps/2573320/page_bg_generated_v6b.jpg?t=1721760065",
        "background_raw": "https://shared.akamai.steamstatic.com/store_item_assets/steam/apps/2573320/page.bg.jpg?t=1721760065",
        "content_descriptors": {
            "ids": [
                1,
                2,
                5
            ],
            "notes": "Contains extreme gore and violent content, high tension and disturbing themes. "
        },
        "ratings": {
            "dejus": {
                "rating_generated": "1",
                "rating": "18",
                "required_age": "18",
                "banned": "0",
                "use_age_gate": "0",
                "descriptors": "Violência Extrema\nNudez\nMedo"
            },
            "steam_germany": {
                "rating_generated": "1",
                "rating": "18",
                "required_age": "18",
                "banned": "0",
                "use_age_gate": "0",
                "descriptors": "Drastische Gewalt"
            }
        }
    },
    {
        "type": "game",
        "name": "Vampire's Kiss",
        "steam_appid": 2573350,
        "required_age": 0,
        "is_free": false,
        "detailed_description": "Unleash your lust and your thirst in a battle for the soul of London! Will passion lead you back to humanity, or will you embrace the night as a vampire?<br><br><i>Vampire’s Kiss</i> is a 170,000-word interactive erotic vampire novel by Dash Casey. It’s entirely text-based, without graphics or sound effects, and fuelled by the vast, unstoppable power of your imagination.<br><br>In life, you were the guardian of a priceless artifact, the Cross of Aguirre. Now you have been murdered and made a vampire; the artifact has been stolen, and you are at the center of a web of bloody conspiracies. <br><br>Navigate a perilous web of secrets as you discover the hidden world of London after dark, staging daring heists and bloody battles across the city’s iconic landscape. As a plot centuries in the making unfolds, choose sides in the battle for control of London’s vampires, and embrace the night that has been thrust upon you…or, chase rumors of a way to restore true life to the undead, and hold out hope that you might see the sun once more. <br><br>Your heart no longer beats, but your passion still burns. Will you share a slow dance with Marky, the rogueish vampire with dozens of piercings and a poorly hidden heart of gold? Hold each other tenderly, or fall into bed and discover all of the tricks that Marky has learned in more than a century of unlife.<br><br>Will you stalk the night alongside Kurt, a stoic vampire hunter, all muscles and chiseled face, who holds the secrets to ancient lore? He's as dominant in the bedroom as he is on the battlefield: choose your own safeword and submit to his powerful strength; or explore his gentler side.<br><br>Does the lure of London's mortal aristocracy draw you towards Alex? This fabulously-dressed and surprisingly courageous socialite is thirsty to learn what sex with a vampire is like - bring all of your powers of telepathy and shapeshifting to heighten your pleasure.<br><br>Or will you be dominated by the vampire queen Saffron, with her glorious red hair and brilliantly devious schemes? She's ready for anything, from the kinkiest night of whips and fangs to the vulnerability of using no vampiric powers at all in bed.<br><br><ul class=\"bb_ul\"><li>• Play as male, female, or nonbinary; gay, straight, or bi; or asexual.<br></li><li> Seduce a passionate socialite; the scheming vampire queen; a cheeky vampire rogue; or a stoic hunter.<br></li><li> Opt in or out of scenes involving graphic violence and blood.<br></li><li> Embrace your vampiric destiny, or dream of the sunrise in a quest to transform yourself back to humanity - and bring your lover along with you.<br></li><li> Solve your own murder, and take vengeance on your killer.<br></li><li> Delve into your vampiric powers: transform yourself into a vicious monster, cast shapeshifting illusions as a creature of shadow, or unlock the hypnotic mysteries of the mind.<br></li><li> Keep your secrets and preserve the illusion that you have died, or shock the world by revealing the existence of vampires.</li></ul><br>In this endless night, how will you quench your thirst?",
        "about_the_game": "Unleash your lust and your thirst in a battle for the soul of London! Will passion lead you back to humanity, or will you embrace the night as a vampire?<br><br><i>Vampire’s Kiss</i> is a 170,000-word interactive erotic vampire novel by Dash Casey. It’s entirely text-based, without graphics or sound effects, and fuelled by the vast, unstoppable power of your imagination.<br><br>In life, you were the guardian of a priceless artifact, the Cross of Aguirre. Now you have been murdered and made a vampire; the artifact has been stolen, and you are at the center of a web of bloody conspiracies. <br><br>Navigate a perilous web of secrets as you discover the hidden world of London after dark, staging daring heists and bloody battles across the city’s iconic landscape. As a plot centuries in the making unfolds, choose sides in the battle for control of London’s vampires, and embrace the night that has been thrust upon you…or, chase rumors of a way to restore true life to the undead, and hold out hope that you might see the sun once more. <br><br>Your heart no longer beats, but your passion still burns. Will you share a slow dance with Marky, the rogueish vampire with dozens of piercings and a poorly hidden heart of gold? Hold each other tenderly, or fall into bed and discover all of the tricks that Marky has learned in more than a century of unlife.<br><br>Will you stalk the night alongside Kurt, a stoic vampire hunter, all muscles and chiseled face, who holds the secrets to ancient lore? He's as dominant in the bedroom as he is on the battlefield: choose your own safeword and submit to his powerful strength; or explore his gentler side.<br><br>Does the lure of London's mortal aristocracy draw you towards Alex? This fabulously-dressed and surprisingly courageous socialite is thirsty to learn what sex with a vampire is like - bring all of your powers of telepathy and shapeshifting to heighten your pleasure.<br><br>Or will you be dominated by the vampire queen Saffron, with her glorious red hair and brilliantly devious schemes? She's ready for anything, from the kinkiest night of whips and fangs to the vulnerability of using no vampiric powers at all in bed.<br><br><ul class=\"bb_ul\"><li>• Play as male, female, or nonbinary; gay, straight, or bi; or asexual.<br></li><li> Seduce a passionate socialite; the scheming vampire queen; a cheeky vampire rogue; or a stoic hunter.<br></li><li> Opt in or out of scenes involving graphic violence and blood.<br></li><li> Embrace your vampiric destiny, or dream of the sunrise in a quest to transform yourself back to humanity - and bring your lover along with you.<br></li><li> Solve your own murder, and take vengeance on your killer.<br></li><li> Delve into your vampiric powers: transform yourself into a vicious monster, cast shapeshifting illusions as a creature of shadow, or unlock the hypnotic mysteries of the mind.<br></li><li> Keep your secrets and preserve the illusion that you have died, or shock the world by revealing the existence of vampires.</li></ul><br>In this endless night, how will you quench your thirst?",
        "short_description": "Unleash your lust and your thirst in a battle for the soul of London! Will passion lead you back to humanity, or will you embrace the night as a vampire?",
        "supported_languages": "English",
        "header_image": "https://shared.akamai.steamstatic.com/store_item_assets/steam/apps/2573350/header.jpg?t=1697720897",
        "capsule_image": "https://shared.akamai.steamstatic.com/store_item_assets/steam/apps/2573350/capsule_231x87.jpg?t=1697720897",
        "capsule_imagev5": "https://shared.akamai.steamstatic.com/store_item_assets/steam/apps/2573350/capsule_184x69.jpg?t=1697720897",
        "website": "https://www.heartschoice.com/",
        "pc_requirements": {
            "minimum": "<strong>Minimum:</strong><br><ul class=\"bb_ul\"><li>Requires a 64-bit processor and operating system<br></li><li><strong>OS:</strong> 7</li></ul>",
            "recommended": "<strong>Recommended:</strong><br><ul class=\"bb_ul\"><li>Requires a 64-bit processor and operating system</li></ul>"
        },
        "mac_requirements": {
            "minimum": "<strong>Minimum:</strong><br><ul class=\"bb_ul\"><li><strong>OS:</strong> 10.13</li></ul>",
            "recommended": "<strong>Recommended:</strong><br><ul class=\"bb_ul\"></ul>"
        },
        "linux_requirements": {
            "minimum": "<strong>Minimum:</strong><br><ul class=\"bb_ul\"><li><strong>OS:</strong> Ubuntu 20.04</li></ul>",
            "recommended": "<strong>Recommended:</strong><br><ul class=\"bb_ul\"></ul>"
        },
        "developers": [
            "Heart's Choice"
        ],
        "publishers": [
            "Heart's Choice"
        ],
        "demos": [
            {
                "appid": 2573360,
                "description": ""
            }
        ],
        "price_overview": {
            "currency": "EUR",
            "initial": 589,
            "final": 589,
            "discount_percent": 0,
            "initial_formatted": "",
            "final_formatted": "5,89€"
        },
        "packages": [
            924102
        ],
        "package_groups": [
            {
                "name": "default",
                "title": "Buy Vampire's Kiss",
                "description": "",
                "selection_text": "Select a purchase option",
                "save_text": "",
                "display_type": 0,
                "is_recurring_subscription": "false",
                "subs": [
                    {
                        "packageid": 924102,
                        "percent_savings_text": " ",
                        "percent_savings": 0,
                        "option_text": "Vampire's Kiss - 5,89€",
                        "option_description": "",
                        "can_get_free_license": "0",
                        "is_free_license": false,
                        "price_in_cents_with_discount": 589
                    }
                ]
            }
        ],
        "platforms": {
            "windows": true,
            "mac": true,
            "linux": true
        },
        "categories": [
            {
                "id": 2,
                "description": "Single-player"
            },
            {
                "id": 22,
                "description": "Steam Achievements"
            },
            {
                "id": 23,
                "description": "Steam Cloud"
            },
            {
                "id": 62,
                "description": "Family Sharing"
            }
        ],
        "genres": [
            {
                "id": "23",
                "description": "Indie"
            },
            {
                "id": "3",
                "description": "RPG"
            }
        ],
        "screenshots": [
            {
                "id": 0,
                "path_thumbnail": "https://shared.akamai.steamstatic.com/store_item_assets/steam/apps/2573350/ss_23f10af514648a2a77ec3cb0f96686c1a6a1ee02.600x338.jpg?t=1697720897",
                "path_full": "https://shared.akamai.steamstatic.com/store_item_assets/steam/apps/2573350/ss_23f10af514648a2a77ec3cb0f96686c1a6a1ee02.1920x1080.jpg?t=1697720897"
            },
            {
                "id": 1,
                "path_thumbnail": "https://shared.akamai.steamstatic.com/store_item_assets/steam/apps/2573350/ss_ced950901892684de70fa5eb5e988971c1e5cef9.600x338.jpg?t=1697720897",
                "path_full": "https://shared.akamai.steamstatic.com/store_item_assets/steam/apps/2573350/ss_ced950901892684de70fa5eb5e988971c1e5cef9.1920x1080.jpg?t=1697720897"
            },
            {
                "id": 2,
                "path_thumbnail": "https://shared.akamai.steamstatic.com/store_item_assets/steam/apps/2573350/ss_2000a6d9e40b9a34a4bebb6a84fc93562bc76bdf.600x338.jpg?t=1697720897",
                "path_full": "https://shared.akamai.steamstatic.com/store_item_assets/steam/apps/2573350/ss_2000a6d9e40b9a34a4bebb6a84fc93562bc76bdf.1920x1080.jpg?t=1697720897"
            },
            {
                "id": 3,
                "path_thumbnail": "https://shared.akamai.steamstatic.com/store_item_assets/steam/apps/2573350/ss_64a8f889e7ce89a7dac3167797ae7b8084244527.600x338.jpg?t=1697720897",
                "path_full": "https://shared.akamai.steamstatic.com/store_item_assets/steam/apps/2573350/ss_64a8f889e7ce89a7dac3167797ae7b8084244527.1920x1080.jpg?t=1697720897"
            },
            {
                "id": 4,
                "path_thumbnail": "https://shared.akamai.steamstatic.com/store_item_assets/steam/apps/2573350/ss_a1d7dab35875a818b18b4ca62bcb817ed0c4ca05.600x338.jpg?t=1697720897",
                "path_full": "https://shared.akamai.steamstatic.com/store_item_assets/steam/apps/2573350/ss_a1d7dab35875a818b18b4ca62bcb817ed0c4ca05.1920x1080.jpg?t=1697720897"
            }
        ],
        "movies": [
            {
                "id": 256976282,
                "name": "Vampire's Kiss Trailer",
                "thumbnail": "https://shared.akamai.steamstatic.com/store_item_assets/steam/apps/256976282/movie.293x165.jpg?t=1697479413",
                "webm": {
                    "480": "http://video.akamai.steamstatic.com/store_trailers/256976282/movie480_vp9.webm?t=1697479413",
                    "max": "http://video.akamai.steamstatic.com/store_trailers/256976282/movie_max_vp9.webm?t=1697479413"
                },
                "mp4": {
                    "480": "http://video.akamai.steamstatic.com/store_trailers/256976282/movie480.mp4?t=1697479413",
                    "max": "http://video.akamai.steamstatic.com/store_trailers/256976282/movie_max.mp4?t=1697479413"
                },
                "highlight": true
            }
        ],
        "achievements": {
            "total": 46,
            "highlighted": [
                {
                    "name": "Once Bitten",
                    "path": "https://cdn.akamai.steamstatic.com/steamcommunity/public/images/apps/2573350/f9a16db1add28081b5f15a743c6e43e492003c40.jpg"
                },
                {
                    "name": "Byzantium",
                    "path": "https://cdn.akamai.steamstatic.com/steamcommunity/public/images/apps/2573350/f9a16db1add28081b5f15a743c6e43e492003c40.jpg"
                },
                {
                    "name": "Innocent Blood",
                    "path": "https://cdn.akamai.steamstatic.com/steamcommunity/public/images/apps/2573350/f9a16db1add28081b5f15a743c6e43e492003c40.jpg"
                },
                {
                    "name": "Let Me In",
                    "path": "https://cdn.akamai.steamstatic.com/steamcommunity/public/images/apps/2573350/f9a16db1add28081b5f15a743c6e43e492003c40.jpg"
                },
                {
                    "name": "The Lost Boys",
                    "path": "https://cdn.akamai.steamstatic.com/steamcommunity/public/images/apps/2573350/f9a16db1add28081b5f15a743c6e43e492003c40.jpg"
                },
                {
                    "name": "Fright Night",
                    "path": "https://cdn.akamai.steamstatic.com/steamcommunity/public/images/apps/2573350/f9a16db1add28081b5f15a743c6e43e492003c40.jpg"
                },
                {
                    "name": "Only Lovers Left Alive",
                    "path": "https://cdn.akamai.steamstatic.com/steamcommunity/public/images/apps/2573350/f9a16db1add28081b5f15a743c6e43e492003c40.jpg"
                },
                {
                    "name": "I Am Legend",
                    "path": "https://cdn.akamai.steamstatic.com/steamcommunity/public/images/apps/2573350/9c1ed0db5d573dfac9cc085f3ae096c1e756bbdf.jpg"
                },
                {
                    "name": "Obey Your Thirst",
                    "path": "https://cdn.akamai.steamstatic.com/steamcommunity/public/images/apps/2573350/2fbd2855ee5c8d6a4e85d02314c79e390f1a16fd.jpg"
                },
                {
                    "name": "Cat Food",
                    "path": "https://cdn.akamai.steamstatic.com/steamcommunity/public/images/apps/2573350/2fbd2855ee5c8d6a4e85d02314c79e390f1a16fd.jpg"
                }
            ]
        },
        "release_date": {
            "coming_soon": false,
            "date": "19 Oct, 2023"
        },
        "support_info": {
            "url": "https://www.heartschoice.com/contact-us/",
            "email": "support-vampireskiss-steam@heartschoice.com"
        },
        "background": "https://shared.akamai.steamstatic.com/store_item_assets/steam/apps/2573350/page_bg_generated_v6b.jpg?t=1697720897",
        "background_raw": "https://shared.akamai.steamstatic.com/store_item_assets/steam/apps/2573350/page_bg_generated.jpg?t=1697720897",
        "content_descriptors": {
            "ids": [],
            "notes": null
        },
        "ratings": {
            "dejus": {
                "rating_generated": "1",
                "rating": "14",
                "required_age": "14",
                "banned": "0",
                "use_age_gate": "0",
                "descriptors": "Conteúdo sexual\nDrogas ilícitas\nLinguagem imprópria"
            },
            "steam_germany": {
                "rating_generated": "1",
                "rating": "16",
                "required_age": "16",
                "banned": "0",
                "use_age_gate": "0",
                "descriptors": "Sexuelle Inhalte"
            }
        }
    },
    {
        "type": "game",
        "name": "Visual novel for the kids: Lumi And Baby - Hamster And Baby Dragon",
        "steam_appid": 2573420,
        "required_age": 0,
        "is_free": false,
        "detailed_description": "<img class=\"bb_img\" src=\"https://shared.akamai.steamstatic.com/store_item_assets/steam/apps/2573420/extras/001LumiAndBaby.jpg?t=1726312377\" /><br><br><img class=\"bb_img\" src=\"https://shared.akamai.steamstatic.com/store_item_assets/steam/apps/2573420/extras/002LumiAndBaby.jpg?t=1726312377\" /><br><br><img class=\"bb_img\" src=\"https://shared.akamai.steamstatic.com/store_item_assets/steam/apps/2573420/extras/003LumiAndBaby.jpg?t=1726312377\" /><br><br>Lumi and Baby lost their homes and all the animals in the forest help them.<br><br>Visual novel made for children aged 5-8.<br><br>- Spend valuable time with your children reading the bedtime story Lumi and Baby.<br><br>- Control more on what your children do on the internet and control the hours that your children spend on it. <br><br>- Chapters automatically save the story and create a bookmark.<br><br>- It is not too long, so it is specially made for children aged 5-8.<br><br>- Interactive story, where children use their imagination and make decisions.<br><br>- It is entertaining and fun. <br><br>- It has beautiful images. <br><br>- It has educational words and sounds. <br><br>- In families that read the story to their children, it will make the children's language skills and imagination richer and they are able to empathize with other people's feelings better than others.<br><br>- In addition to books, children want to spend time playing games. Lumi and Baby answers those two things: you can read the story while the children play the game. <br><br>- The questions challenge the children's imagination, wonder and curiosity. <br><br>- As a great bedtime story for the parents to spend valuable time with their children.<br><br><img class=\"bb_img\" src=\"https://shared.akamai.steamstatic.com/store_item_assets/steam/apps/2573420/extras/004LumiAndBaby.jpg?t=1726312377\" /><br><br><img class=\"bb_img\" src=\"https://shared.akamai.steamstatic.com/store_item_assets/steam/apps/2573420/extras/005LumiAndBaby.jpg?t=1726312377\" /><br><br><img class=\"bb_img\" src=\"https://shared.akamai.steamstatic.com/store_item_assets/steam/apps/2573420/extras/006LumiAndBaby.jpg?t=1726312377\" /><br><br><img class=\"bb_img\" src=\"https://shared.akamai.steamstatic.com/store_item_assets/steam/apps/2573420/extras/007LumiAndBaby.jpg?t=1726312377\" /><br><br><img class=\"bb_img\" src=\"https://shared.akamai.steamstatic.com/store_item_assets/steam/apps/2573420/extras/008LumiAndBaby.jpg?t=1726312377\" /><br><br><img class=\"bb_img\" src=\"https://shared.akamai.steamstatic.com/store_item_assets/steam/apps/2573420/extras/009LumiAndBaby.jpg?t=1726312377\" />",
        "about_the_game": "<img class=\"bb_img\" src=\"https://shared.akamai.steamstatic.com/store_item_assets/steam/apps/2573420/extras/001LumiAndBaby.jpg?t=1726312377\" /><br><br><img class=\"bb_img\" src=\"https://shared.akamai.steamstatic.com/store_item_assets/steam/apps/2573420/extras/002LumiAndBaby.jpg?t=1726312377\" /><br><br><img class=\"bb_img\" src=\"https://shared.akamai.steamstatic.com/store_item_assets/steam/apps/2573420/extras/003LumiAndBaby.jpg?t=1726312377\" /><br><br>Lumi and Baby lost their homes and all the animals in the forest help them.<br><br>Visual novel made for children aged 5-8.<br><br>- Spend valuable time with your children reading the bedtime story Lumi and Baby.<br><br>- Control more on what your children do on the internet and control the hours that your children spend on it. <br><br>- Chapters automatically save the story and create a bookmark.<br><br>- It is not too long, so it is specially made for children aged 5-8.<br><br>- Interactive story, where children use their imagination and make decisions.<br><br>- It is entertaining and fun. <br><br>- It has beautiful images. <br><br>- It has educational words and sounds. <br><br>- In families that read the story to their children, it will make the children's language skills and imagination richer and they are able to empathize with other people's feelings better than others.<br><br>- In addition to books, children want to spend time playing games. Lumi and Baby answers those two things: you can read the story while the children play the game. <br><br>- The questions challenge the children's imagination, wonder and curiosity. <br><br>- As a great bedtime story for the parents to spend valuable time with their children.<br><br><img class=\"bb_img\" src=\"https://shared.akamai.steamstatic.com/store_item_assets/steam/apps/2573420/extras/004LumiAndBaby.jpg?t=1726312377\" /><br><br><img class=\"bb_img\" src=\"https://shared.akamai.steamstatic.com/store_item_assets/steam/apps/2573420/extras/005LumiAndBaby.jpg?t=1726312377\" /><br><br><img class=\"bb_img\" src=\"https://shared.akamai.steamstatic.com/store_item_assets/steam/apps/2573420/extras/006LumiAndBaby.jpg?t=1726312377\" /><br><br><img class=\"bb_img\" src=\"https://shared.akamai.steamstatic.com/store_item_assets/steam/apps/2573420/extras/007LumiAndBaby.jpg?t=1726312377\" /><br><br><img class=\"bb_img\" src=\"https://shared.akamai.steamstatic.com/store_item_assets/steam/apps/2573420/extras/008LumiAndBaby.jpg?t=1726312377\" /><br><br><img class=\"bb_img\" src=\"https://shared.akamai.steamstatic.com/store_item_assets/steam/apps/2573420/extras/009LumiAndBaby.jpg?t=1726312377\" />",
        "short_description": "Read an interactive bedtime story with your children, a tale of a positive hamster called Lumi and his friend a baby dragon. Lumi and Baby lost their homes and all the animals in the forest help them. Made for children aged 5-8.",
        "supported_languages": "English",
        "header_image": "https://shared.akamai.steamstatic.com/store_item_assets/steam/apps/2573420/header.jpg?t=1726312377",
        "capsule_image": "https://shared.akamai.steamstatic.com/store_item_assets/steam/apps/2573420/capsule_231x87.jpg?t=1726312377",
        "capsule_imagev5": "https://shared.akamai.steamstatic.com/store_item_assets/steam/apps/2573420/capsule_184x69.jpg?t=1726312377",
        "website": "https://www.lumiandbaby.fi",
        "pc_requirements": {
            "minimum": "<strong>Minimum:</strong><br><ul class=\"bb_ul\"><li>Requires a 64-bit processor and operating system<br></li><li><strong>OS:</strong> Windows 10 64bit or above<br></li><li><strong>Processor:</strong> 1.4 GHz Intel or AMD Processor<br></li><li><strong>Memory:</strong> 4 GB RAM<br></li><li><strong>Graphics:</strong> Integrated Graphics<br></li><li><strong>Storage:</strong> 1 GB available space<br></li><li><strong>Additional Notes:</strong> Requires a 64-bit processor and operating system</li></ul>",
            "recommended": "<strong>Recommended:</strong><br><ul class=\"bb_ul\"><li>Requires a 64-bit processor and operating system</li></ul>"
        },
        "mac_requirements": {
            "minimum": "<strong>Minimum:</strong><br><ul class=\"bb_ul\"><li><strong>OS:</strong> macOS<br></li><li><strong>Processor:</strong> 1.4 GHz Intel<br></li><li><strong>Memory:</strong> 4 GB RAM<br></li><li><strong>Graphics:</strong> Integrated Graphics<br></li><li><strong>Storage:</strong> 1 GB available space<br></li><li><strong>Additional Notes:</strong> Requires a 64-bit processor and operating system</li></ul>",
            "recommended": "<strong>Recommended:</strong><br><ul class=\"bb_ul\"></ul>"
        },
        "linux_requirements": {
            "minimum": "<strong>Minimum:</strong><br><ul class=\"bb_ul\"></ul>",
            "recommended": "<strong>Recommended:</strong><br><ul class=\"bb_ul\"></ul>"
        },
        "developers": [
            "Lumilinna"
        ],
        "publishers": [
            "Lumilinna"
        ],
        "price_overview": {
            "currency": "EUR",
            "initial": 399,
            "final": 399,
            "discount_percent": 0,
            "initial_formatted": "",
            "final_formatted": "3,99€"
        },
        "packages": [
            924125
        ],
        "package_groups": [
            {
                "name": "default",
                "title": "Buy Visual novel for the kids: Lumi And Baby - Hamster And Baby Dragon",
                "description": "",
                "selection_text": "Select a purchase option",
                "save_text": "",
                "display_type": 0,
                "is_recurring_subscription": "false",
                "subs": [
                    {
                        "packageid": 924125,
                        "percent_savings_text": " ",
                        "percent_savings": 0,
                        "option_text": "Visual novel for the kids: Lumi And Baby - Hamster And Baby Dragon - 3,99€",
                        "option_description": "",
                        "can_get_free_license": "0",
                        "is_free_license": false,
                        "price_in_cents_with_discount": 399
                    }
                ]
            }
        ],
        "platforms": {
            "windows": true,
            "mac": true,
            "linux": false
        },
        "categories": [
            {
                "id": 2,
                "description": "Single-player"
            },
            {
                "id": 62,
                "description": "Family Sharing"
            }
        ],
        "genres": [
            {
                "id": "25",
                "description": "Adventure"
            }
        ],
        "screenshots": [
            {
                "id": 0,
                "path_thumbnail": "https://shared.akamai.steamstatic.com/store_item_assets/steam/apps/2573420/ss_4e476181a2eba4508fa24c7670bd221ab44da85f.600x338.jpg?t=1726312377",
                "path_full": "https://shared.akamai.steamstatic.com/store_item_assets/steam/apps/2573420/ss_4e476181a2eba4508fa24c7670bd221ab44da85f.1920x1080.jpg?t=1726312377"
            },
            {
                "id": 1,
                "path_thumbnail": "https://shared.akamai.steamstatic.com/store_item_assets/steam/apps/2573420/ss_c1fc0b460edd9ecd8b02a32653ea215419071f44.600x338.jpg?t=1726312377",
                "path_full": "https://shared.akamai.steamstatic.com/store_item_assets/steam/apps/2573420/ss_c1fc0b460edd9ecd8b02a32653ea215419071f44.1920x1080.jpg?t=1726312377"
            },
            {
                "id": 2,
                "path_thumbnail": "https://shared.akamai.steamstatic.com/store_item_assets/steam/apps/2573420/ss_373ca646065f2efdf1a5569deed595da92ff7b87.600x338.jpg?t=1726312377",
                "path_full": "https://shared.akamai.steamstatic.com/store_item_assets/steam/apps/2573420/ss_373ca646065f2efdf1a5569deed595da92ff7b87.1920x1080.jpg?t=1726312377"
            },
            {
                "id": 3,
                "path_thumbnail": "https://shared.akamai.steamstatic.com/store_item_assets/steam/apps/2573420/ss_3ef1340fb6f0bb63ee14cbf3952677bbb38fbff0.600x338.jpg?t=1726312377",
                "path_full": "https://shared.akamai.steamstatic.com/store_item_assets/steam/apps/2573420/ss_3ef1340fb6f0bb63ee14cbf3952677bbb38fbff0.1920x1080.jpg?t=1726312377"
            },
            {
                "id": 4,
                "path_thumbnail": "https://shared.akamai.steamstatic.com/store_item_assets/steam/apps/2573420/ss_adbef27f6afac337acbdd92b4fc214a56c664f0f.600x338.jpg?t=1726312377",
                "path_full": "https://shared.akamai.steamstatic.com/store_item_assets/steam/apps/2573420/ss_adbef27f6afac337acbdd92b4fc214a56c664f0f.1920x1080.jpg?t=1726312377"
            },
            {
                "id": 5,
                "path_thumbnail": "https://shared.akamai.steamstatic.com/store_item_assets/steam/apps/2573420/ss_3492ab36d94412bf75cb3a6143404cf46d6050e8.600x338.jpg?t=1726312377",
                "path_full": "https://shared.akamai.steamstatic.com/store_item_assets/steam/apps/2573420/ss_3492ab36d94412bf75cb3a6143404cf46d6050e8.1920x1080.jpg?t=1726312377"
            },
            {
                "id": 6,
                "path_thumbnail": "https://shared.akamai.steamstatic.com/store_item_assets/steam/apps/2573420/ss_5d611a26c1a92233e356a54c670bcaace95f3df7.600x338.jpg?t=1726312377",
                "path_full": "https://shared.akamai.steamstatic.com/store_item_assets/steam/apps/2573420/ss_5d611a26c1a92233e356a54c670bcaace95f3df7.1920x1080.jpg?t=1726312377"
            },
            {
                "id": 7,
                "path_thumbnail": "https://shared.akamai.steamstatic.com/store_item_assets/steam/apps/2573420/ss_54d7f45bc998aad2aea70e1af87289c8d497782e.600x338.jpg?t=1726312377",
                "path_full": "https://shared.akamai.steamstatic.com/store_item_assets/steam/apps/2573420/ss_54d7f45bc998aad2aea70e1af87289c8d497782e.1920x1080.jpg?t=1726312377"
            },
            {
                "id": 8,
                "path_thumbnail": "https://shared.akamai.steamstatic.com/store_item_assets/steam/apps/2573420/ss_6d670f69e3d037cf085722042a04e215aace9c8e.600x338.jpg?t=1726312377",
                "path_full": "https://shared.akamai.steamstatic.com/store_item_assets/steam/apps/2573420/ss_6d670f69e3d037cf085722042a04e215aace9c8e.1920x1080.jpg?t=1726312377"
            },
            {
                "id": 9,
                "path_thumbnail": "https://shared.akamai.steamstatic.com/store_item_assets/steam/apps/2573420/ss_361813f49a43584e87be365bc8f757994eb56f45.600x338.jpg?t=1726312377",
                "path_full": "https://shared.akamai.steamstatic.com/store_item_assets/steam/apps/2573420/ss_361813f49a43584e87be365bc8f757994eb56f45.1920x1080.jpg?t=1726312377"
            },
            {
                "id": 10,
                "path_thumbnail": "https://shared.akamai.steamstatic.com/store_item_assets/steam/apps/2573420/ss_f072151d8c97a4be822b4f258e3fee20628b81d3.600x338.jpg?t=1726312377",
                "path_full": "https://shared.akamai.steamstatic.com/store_item_assets/steam/apps/2573420/ss_f072151d8c97a4be822b4f258e3fee20628b81d3.1920x1080.jpg?t=1726312377"
            },
            {
                "id": 11,
                "path_thumbnail": "https://shared.akamai.steamstatic.com/store_item_assets/steam/apps/2573420/ss_be63f736c6dfc19b1f6535c56408c1014f3e6110.600x338.jpg?t=1726312377",
                "path_full": "https://shared.akamai.steamstatic.com/store_item_assets/steam/apps/2573420/ss_be63f736c6dfc19b1f6535c56408c1014f3e6110.1920x1080.jpg?t=1726312377"
            },
            {
                "id": 12,
                "path_thumbnail": "https://shared.akamai.steamstatic.com/store_item_assets/steam/apps/2573420/ss_92f7a8fe43b91c72049ad5bf80bd18a58c0142c8.600x338.jpg?t=1726312377",
                "path_full": "https://shared.akamai.steamstatic.com/store_item_assets/steam/apps/2573420/ss_92f7a8fe43b91c72049ad5bf80bd18a58c0142c8.1920x1080.jpg?t=1726312377"
            },
            {
                "id": 13,
                "path_thumbnail": "https://shared.akamai.steamstatic.com/store_item_assets/steam/apps/2573420/ss_323e41cfb4778a6ab7390b83380e6a0b95b4738d.600x338.jpg?t=1726312377",
                "path_full": "https://shared.akamai.steamstatic.com/store_item_assets/steam/apps/2573420/ss_323e41cfb4778a6ab7390b83380e6a0b95b4738d.1920x1080.jpg?t=1726312377"
            },
            {
                "id": 14,
                "path_thumbnail": "https://shared.akamai.steamstatic.com/store_item_assets/steam/apps/2573420/ss_906aa059f8b0359cbc741873490d12ac71ff8c5a.600x338.jpg?t=1726312377",
                "path_full": "https://shared.akamai.steamstatic.com/store_item_assets/steam/apps/2573420/ss_906aa059f8b0359cbc741873490d12ac71ff8c5a.1920x1080.jpg?t=1726312377"
            }
        ],
        "movies": [
            {
                "id": 256976669,
                "name": "Trailer",
                "thumbnail": "https://shared.akamai.steamstatic.com/store_item_assets/steam/apps/256976669/movie.293x165.jpg?t=1701036628",
                "webm": {
                    "480": "http://video.akamai.steamstatic.com/store_trailers/256976669/movie480_vp9.webm?t=1701036628",
                    "max": "http://video.akamai.steamstatic.com/store_trailers/256976669/movie_max_vp9.webm?t=1701036628"
                },
                "mp4": {
                    "480": "http://video.akamai.steamstatic.com/store_trailers/256976669/movie480.mp4?t=1701036628",
                    "max": "http://video.akamai.steamstatic.com/store_trailers/256976669/movie_max.mp4?t=1701036628"
                },
                "highlight": true
            }
        ],
        "release_date": {
            "coming_soon": false,
            "date": "14 Nov, 2023"
        },
        "support_info": {
            "url": "www.lumiandbaby.fi",
            "email": "lumiandbaby@gmail.com"
        },
        "background": "https://shared.akamai.steamstatic.com/store_item_assets/steam/apps/2573420/page_bg_generated_v6b.jpg?t=1726312377",
        "background_raw": "https://shared.akamai.steamstatic.com/store_item_assets/steam/apps/2573420/page.bg.jpg?t=1726312377",
        "content_descriptors": {
            "ids": [],
            "notes": null
        },
        "ratings": {
            "dejus": {
                "rating_generated": "1",
                "rating": "l",
                "required_age": "0",
                "banned": "0",
                "use_age_gate": "0",
                "descriptors": ""
            },
            "steam_germany": {
                "rating_generated": "1",
                "rating": "0",
                "required_age": "0",
                "banned": "0",
                "use_age_gate": "0",
                "descriptors": ""
            }
        }
    },
    {
        "type": "game",
        "name": "InteriorDay",
        "steam_appid": 2573430,
        "required_age": 0,
        "is_free": true,
        "dlc": [
            2573520
        ],
        "detailed_description": "<strong>Screenwrite differently!</strong><br><br>You don't have to be locked with a unique software for screenwriting.<br><br>What if you could write everywhere, on any devices (computer, ipad, phones...), on any app (Google Doc, Dropbox Paper, Word, Miro, Evernotes, Trello, ...)<br>What if you could stop caring about formatting, upper cases, and almost everything actually?<br><br><br>Product features:<br><br><ul class=\"bb_ul\"><li>Write pure plain text, quick and easy.<br></li><li>Write on any device, any word processor editor.<br></li><li>Generate professionnal paginated PDF.<br></li><li>Send screenplay directly in FinalDraft.<br></li><li>Live preview.<br></li><li>PDF export automatically fixes uppercases, punctuations, spaces,...<br></li><li>Outline structure panel.<br></li><li>Scene numbering.<br></li><li>Companion app available on Android and iOs.</li></ul>",
        "about_the_game": "<strong>Screenwrite differently!</strong><br><br>You don't have to be locked with a unique software for screenwriting.<br><br>What if you could write everywhere, on any devices (computer, ipad, phones...), on any app (Google Doc, Dropbox Paper, Word, Miro, Evernotes, Trello, ...)<br>What if you could stop caring about formatting, upper cases, and almost everything actually?<br><br><br>Product features:<br><br><ul class=\"bb_ul\"><li>Write pure plain text, quick and easy.<br></li><li>Write on any device, any word processor editor.<br></li><li>Generate professionnal paginated PDF.<br></li><li>Send screenplay directly in FinalDraft.<br></li><li>Live preview.<br></li><li>PDF export automatically fixes uppercases, punctuations, spaces,...<br></li><li>Outline structure panel.<br></li><li>Scene numbering.<br></li><li>Companion app available on Android and iOs.</li></ul>",
        "short_description": "Screenwrite differently!",
        "supported_languages": "English, French",
        "header_image": "https://shared.akamai.steamstatic.com/store_item_assets/steam/apps/2573430/header.jpg?t=1725810877",
        "capsule_image": "https://shared.akamai.steamstatic.com/store_item_assets/steam/apps/2573430/capsule_231x87.jpg?t=1725810877",
        "capsule_imagev5": "https://shared.akamai.steamstatic.com/store_item_assets/steam/apps/2573430/capsule_184x69.jpg?t=1725810877",
        "website": "https://interiorday.app/",
        "pc_requirements": {
            "minimum": "<strong>Minimum:</strong><br><ul class=\"bb_ul\"><li>Requires a 64-bit processor and operating system<br></li><li><strong>OS:</strong> Windows<br></li><li><strong>Processor:</strong> Any<br></li><li><strong>Memory:</strong> 1 GB RAM<br></li><li><strong>Storage:</strong> 100 MB available space</li></ul>",
            "recommended": "<strong>Recommended:</strong><br><ul class=\"bb_ul\"><li>Requires a 64-bit processor and operating system<br></li><li><strong>OS:</strong> Windows<br></li><li><strong>Processor:</strong> Any<br></li><li><strong>Memory:</strong> 1 GB RAM<br></li><li><strong>Storage:</strong> 100 MB available space</li></ul>"
        },
        "mac_requirements": {
            "minimum": "<strong>Minimum:</strong><br><ul class=\"bb_ul\"></ul>",
            "recommended": "<strong>Recommended:</strong><br><ul class=\"bb_ul\"></ul>"
        },
        "linux_requirements": {
            "minimum": "<strong>Minimum:</strong><br><ul class=\"bb_ul\"><li><strong>Processor:</strong> Any<br></li><li><strong>Memory:</strong> 1 GB RAM<br></li><li><strong>Storage:</strong> 100 MB available space</li></ul>",
            "recommended": "<strong>Recommended:</strong><br><ul class=\"bb_ul\"><li><strong>Processor:</strong> Any<br></li><li><strong>Memory:</strong> 1 GB RAM<br></li><li><strong>Storage:</strong> 100 MB available space</li></ul>"
        },
        "legal_notice": "All rights reserved TheWriterZone",
        "developers": [
            "The Writer Zone"
        ],
        "publishers": [
            "The Writer Zone"
        ],
        "package_groups": [],
        "platforms": {
            "windows": true,
            "mac": false,
            "linux": true
        },
        "genres": [
            {
                "id": "57",
                "description": "Utilities"
            },
            {
                "id": "58",
                "description": "Video Production"
            },
            {
                "id": "60",
                "description": "Game Development"
            }
        ],
        "screenshots": [
            {
                "id": 0,
                "path_thumbnail": "https://shared.akamai.steamstatic.com/store_item_assets/steam/apps/2573430/ss_42dd0c22181c7ff31b29675f0711ea1a92955464.600x338.jpg?t=1725810877",
                "path_full": "https://shared.akamai.steamstatic.com/store_item_assets/steam/apps/2573430/ss_42dd0c22181c7ff31b29675f0711ea1a92955464.1920x1080.jpg?t=1725810877"
            },
            {
                "id": 1,
                "path_thumbnail": "https://shared.akamai.steamstatic.com/store_item_assets/steam/apps/2573430/ss_0d32ad595354b05b05c75e5e07a7bdbc04495276.600x338.jpg?t=1725810877",
                "path_full": "https://shared.akamai.steamstatic.com/store_item_assets/steam/apps/2573430/ss_0d32ad595354b05b05c75e5e07a7bdbc04495276.1920x1080.jpg?t=1725810877"
            },
            {
                "id": 2,
                "path_thumbnail": "https://shared.akamai.steamstatic.com/store_item_assets/steam/apps/2573430/ss_1697f4dc4220b95d2c11c13a2186aeba50370b19.600x338.jpg?t=1725810877",
                "path_full": "https://shared.akamai.steamstatic.com/store_item_assets/steam/apps/2573430/ss_1697f4dc4220b95d2c11c13a2186aeba50370b19.1920x1080.jpg?t=1725810877"
            },
            {
                "id": 3,
                "path_thumbnail": "https://shared.akamai.steamstatic.com/store_item_assets/steam/apps/2573430/ss_9792b512b9c4147a01f7b7e4bdc8cb050f958eb8.600x338.jpg?t=1725810877",
                "path_full": "https://shared.akamai.steamstatic.com/store_item_assets/steam/apps/2573430/ss_9792b512b9c4147a01f7b7e4bdc8cb050f958eb8.1920x1080.jpg?t=1725810877"
            },
            {
                "id": 4,
                "path_thumbnail": "https://shared.akamai.steamstatic.com/store_item_assets/steam/apps/2573430/ss_cb7bd4eeafe9e6b77f6a56dc3e56f98eba8e797a.600x338.jpg?t=1725810877",
                "path_full": "https://shared.akamai.steamstatic.com/store_item_assets/steam/apps/2573430/ss_cb7bd4eeafe9e6b77f6a56dc3e56f98eba8e797a.1920x1080.jpg?t=1725810877"
            }
        ],
        "movies": [
            {
                "id": 256968382,
                "name": "InteriorDay",
                "thumbnail": "https://shared.akamai.steamstatic.com/store_item_assets/steam/apps/256968382/movie.293x165.jpg?t=1694106094",
                "webm": {
                    "480": "http://video.akamai.steamstatic.com/store_trailers/256968382/movie480_vp9.webm?t=1694106094",
                    "max": "http://video.akamai.steamstatic.com/store_trailers/256968382/movie_max_vp9.webm?t=1694106094"
                },
                "mp4": {
                    "480": "http://video.akamai.steamstatic.com/store_trailers/256968382/movie480.mp4?t=1694106094",
                    "max": "http://video.akamai.steamstatic.com/store_trailers/256968382/movie_max.mp4?t=1694106094"
                },
                "highlight": true
            }
        ],
        "achievements": {
            "total": 3,
            "highlighted": [
                {
                    "name": "5 pages",
                    "path": "https://cdn.akamai.steamstatic.com/steamcommunity/public/images/apps/2573430/edce5097bd2e6b538d4917d1963ecf4f41f94340.jpg"
                },
                {
                    "name": "20 pages",
                    "path": "https://cdn.akamai.steamstatic.com/steamcommunity/public/images/apps/2573430/1e42b4a3a2a6b3b8c5d7f12e38f2a3daf090ceba.jpg"
                },
                {
                    "name": "Ready for hollywood!",
                    "path": "https://cdn.akamai.steamstatic.com/steamcommunity/public/images/apps/2573430/6bcf1d0cba057c8847a111777b5693ce95803729.jpg"
                }
            ]
        },
        "release_date": {
            "coming_soon": false,
            "date": "23 Sep, 2023"
        },
        "support_info": {
            "url": "https://interiorday.app/",
            "email": "contact@thewriterzone.com"
        },
        "background": "https://shared.akamai.steamstatic.com/store_item_assets/steam/apps/2573430/page_bg_generated_v6b.jpg?t=1725810877",
        "background_raw": "https://shared.akamai.steamstatic.com/store_item_assets/steam/apps/2573430/page.bg.jpg?t=1725810877",
        "content_descriptors": {
            "ids": [],
            "notes": null
        },
        "ratings": {
            "dejus": {
                "rating_generated": "1",
                "rating": "l",
                "required_age": "0",
                "banned": "0",
                "use_age_gate": "0",
                "descriptors": ""
            },
            "steam_germany": {
                "rating_generated": "1",
                "rating": "0",
                "required_age": "0",
                "banned": "0",
                "use_age_gate": "0",
                "descriptors": ""
            }
        }
    },
    {
        "type": "game",
        "name": "Paradox Metal",
        "steam_appid": 2573440,
        "required_age": 0,
        "is_free": false,
        "detailed_description": "This is a game that took 7 years to create and was created by two developers.<br />\r\n<br />\r\n“I must find my sister, after all I don’t want to be alone.” Inspired by Japan’s famous stealth action game and the remarkable game phenomenon, Only Up, Paradox Metal takes place in a futuristic world where there are vicious robots at every corner and Kagura’s goal is to find her way past all of them and reunite with her sister, Setsuna! <br />\r\nYou will use stealth, weapons and a controlled missile launcher to get your way through each level filled with robots and cameras. Don’t be slow but don’t be hasty either because once the robots discover your whereabouts and attack the game will reset back to Level 1, and all of your progress will be lost. <br />\r\n<br />\r\nControls to for movement and sneaking by: <br />\r\n<br />\r\nPC: W - move forward or climb<br />\r\n        A - move left <br />\r\n        S - move back/retreat<br />\r\n        D - move right <br />\r\n        F - First Person viewpoint <br />\r\nOther Controls : Arrow keys <br />\r\n<br />\r\nAccess Your Stash: <br />\r\n          Hold 1: Display item menu<br />\r\n          Press 1 and D together: Switch items<br />\r\n          Hold 2: Display weapons menu<br />\r\n          Press 2 and D together: Switch and Equip weapons <br />\r\n<br />\r\nAttack Like Your Life Depends on It: <br />\r\n          Left Click: Punch if no weapon equipped<br />\r\n          Left Click: Shoot if gun is equipped <br />\r\n          Spacebar: Squeeze Enemies to death <br />\r\n<br />\r\n<br />\r\nOh! And remember you can’t save the game. Good luck!",
        "about_the_game": "This is a game that took 7 years to create and was created by two developers.<br />\r\n<br />\r\n“I must find my sister, after all I don’t want to be alone.” Inspired by Japan’s famous stealth action game and the remarkable game phenomenon, Only Up, Paradox Metal takes place in a futuristic world where there are vicious robots at every corner and Kagura’s goal is to find her way past all of them and reunite with her sister, Setsuna! <br />\r\nYou will use stealth, weapons and a controlled missile launcher to get your way through each level filled with robots and cameras. Don’t be slow but don’t be hasty either because once the robots discover your whereabouts and attack the game will reset back to Level 1, and all of your progress will be lost. <br />\r\n<br />\r\nControls to for movement and sneaking by: <br />\r\n<br />\r\nPC: W - move forward or climb<br />\r\n        A - move left <br />\r\n        S - move back/retreat<br />\r\n        D - move right <br />\r\n        F - First Person viewpoint <br />\r\nOther Controls : Arrow keys <br />\r\n<br />\r\nAccess Your Stash: <br />\r\n          Hold 1: Display item menu<br />\r\n          Press 1 and D together: Switch items<br />\r\n          Hold 2: Display weapons menu<br />\r\n          Press 2 and D together: Switch and Equip weapons <br />\r\n<br />\r\nAttack Like Your Life Depends on It: <br />\r\n          Left Click: Punch if no weapon equipped<br />\r\n          Left Click: Shoot if gun is equipped <br />\r\n          Spacebar: Squeeze Enemies to death <br />\r\n<br />\r\n<br />\r\nOh! And remember you can’t save the game. Good luck!",
        "short_description": "This game was inspired by Japan's most famous stealth spy action game",
        "supported_languages": "English",
        "header_image": "https://shared.akamai.steamstatic.com/store_item_assets/steam/apps/2573440/header.jpg?t=1694346978",
        "capsule_image": "https://shared.akamai.steamstatic.com/store_item_assets/steam/apps/2573440/capsule_231x87.jpg?t=1694346978",
        "capsule_imagev5": "https://shared.akamai.steamstatic.com/store_item_assets/steam/apps/2573440/capsule_184x69.jpg?t=1694346978",
        "website": "https://www.youtube.com/watch?v=hrkRcPWoRMo",
        "pc_requirements": {
            "minimum": "<strong>Minimum:</strong><br><ul class=\"bb_ul\"><li><strong>OS:</strong> Windows7<br></li><li><strong>Processor:</strong> Core i 5 6550<br></li><li><strong>Memory:</strong> 8 GB RAM<br></li><li><strong>Graphics:</strong> Onboard Graphics<br></li><li><strong>Storage:</strong> 10 GB available space</li></ul>",
            "recommended": "<strong>Recommended:</strong><br><ul class=\"bb_ul\"><li><strong>OS:</strong> Windows10<br></li><li><strong>Processor:</strong> Core i 7 7700<br></li><li><strong>Memory:</strong> 16 GB RAM<br></li><li><strong>Graphics:</strong> Onboard Graphics<br></li><li><strong>Storage:</strong> 10 GB available space</li></ul>"
        },
        "mac_requirements": [],
        "linux_requirements": [],
        "developers": [
            "HypnosisSoft"
        ],
        "publishers": [
            "HypnosisSoft"
        ],
        "package_groups": [],
        "platforms": {
            "windows": true,
            "mac": false,
            "linux": false
        },
        "categories": [
            {
                "id": 2,
                "description": "Single-player"
            }
        ],
        "genres": [
            {
                "id": "1",
                "description": "Action"
            },
            {
                "id": "70",
                "description": "Early Access"
            }
        ],
        "screenshots": [
            {
                "id": 0,
                "path_thumbnail": "https://shared.akamai.steamstatic.com/store_item_assets/steam/apps/2573440/ss_e9008b68ba2e248834d03a152b193c11d1d4e4f4.600x338.jpg?t=1694346978",
                "path_full": "https://shared.akamai.steamstatic.com/store_item_assets/steam/apps/2573440/ss_e9008b68ba2e248834d03a152b193c11d1d4e4f4.1920x1080.jpg?t=1694346978"
            },
            {
                "id": 1,
                "path_thumbnail": "https://shared.akamai.steamstatic.com/store_item_assets/steam/apps/2573440/ss_82d6a089782717632d408156eaeb02ece639eb47.600x338.jpg?t=1694346978",
                "path_full": "https://shared.akamai.steamstatic.com/store_item_assets/steam/apps/2573440/ss_82d6a089782717632d408156eaeb02ece639eb47.1920x1080.jpg?t=1694346978"
            },
            {
                "id": 2,
                "path_thumbnail": "https://shared.akamai.steamstatic.com/store_item_assets/steam/apps/2573440/ss_4c71cf35e236a3ced1173bf5363ac44383796c62.600x338.jpg?t=1694346978",
                "path_full": "https://shared.akamai.steamstatic.com/store_item_assets/steam/apps/2573440/ss_4c71cf35e236a3ced1173bf5363ac44383796c62.1920x1080.jpg?t=1694346978"
            },
            {
                "id": 3,
                "path_thumbnail": "https://shared.akamai.steamstatic.com/store_item_assets/steam/apps/2573440/ss_7e75e25ddb4227b19e2270405398fc5a912e27ac.600x338.jpg?t=1694346978",
                "path_full": "https://shared.akamai.steamstatic.com/store_item_assets/steam/apps/2573440/ss_7e75e25ddb4227b19e2270405398fc5a912e27ac.1920x1080.jpg?t=1694346978"
            },
            {
                "id": 4,
                "path_thumbnail": "https://shared.akamai.steamstatic.com/store_item_assets/steam/apps/2573440/ss_a241f3b221baff99de66837b3e22b25f6312cf39.600x338.jpg?t=1694346978",
                "path_full": "https://shared.akamai.steamstatic.com/store_item_assets/steam/apps/2573440/ss_a241f3b221baff99de66837b3e22b25f6312cf39.1920x1080.jpg?t=1694346978"
            },
            {
                "id": 5,
                "path_thumbnail": "https://shared.akamai.steamstatic.com/store_item_assets/steam/apps/2573440/ss_c6d8137eecc3f4c88228ea5ad13335d07b822162.600x338.jpg?t=1694346978",
                "path_full": "https://shared.akamai.steamstatic.com/store_item_assets/steam/apps/2573440/ss_c6d8137eecc3f4c88228ea5ad13335d07b822162.1920x1080.jpg?t=1694346978"
            }
        ],
        "movies": [
            {
                "id": 256968288,
                "name": "trailer01",
                "thumbnail": "https://shared.akamai.steamstatic.com/store_item_assets/steam/apps/256968288/movie.293x165.jpg?t=1694085951",
                "webm": {
                    "480": "http://video.akamai.steamstatic.com/store_trailers/256968288/movie480_vp9.webm?t=1694085951",
                    "max": "http://video.akamai.steamstatic.com/store_trailers/256968288/movie_max_vp9.webm?t=1694085951"
                },
                "mp4": {
                    "480": "http://video.akamai.steamstatic.com/store_trailers/256968288/movie480.mp4?t=1694085951",
                    "max": "http://video.akamai.steamstatic.com/store_trailers/256968288/movie_max.mp4?t=1694085951"
                },
                "highlight": true
            },
            {
                "id": 256967916,
                "name": "Introduction of weapons",
                "thumbnail": "https://shared.akamai.steamstatic.com/store_item_assets/steam/apps/256967916/movie.293x165.jpg?t=1693953131",
                "webm": {
                    "480": "http://video.akamai.steamstatic.com/store_trailers/256967916/movie480_vp9.webm?t=1693953131",
                    "max": "http://video.akamai.steamstatic.com/store_trailers/256967916/movie_max_vp9.webm?t=1693953131"
                },
                "mp4": {
                    "480": "http://video.akamai.steamstatic.com/store_trailers/256967916/movie480.mp4?t=1693953131",
                    "max": "http://video.akamai.steamstatic.com/store_trailers/256967916/movie_max.mp4?t=1693953131"
                },
                "highlight": true
            }
        ],
        "release_date": {
            "coming_soon": true,
            "date": "Coming soon"
        },
        "support_info": {
            "url": "",
            "email": "tagamicomcom@gmail.com"
        },
        "background": "https://shared.akamai.steamstatic.com/store_item_assets/steam/apps/2573440/page_bg_generated_v6b.jpg?t=1694346978",
        "background_raw": "https://shared.akamai.steamstatic.com/store_item_assets/steam/apps/2573440/page_bg_generated.jpg?t=1694346978",
        "content_descriptors": {
            "ids": [],
            "notes": null
        },
        "ratings": {
            "dejus": {
                "rating_generated": "1",
                "rating": "14",
                "required_age": "14",
                "banned": "0",
                "use_age_gate": "0",
                "descriptors": "Violência\nMedo"
            },
            "steam_germany": {
                "rating_generated": "1",
                "rating": "16",
                "required_age": "16",
                "banned": "0",
                "use_age_gate": "0",
                "descriptors": "Horror"
            }
        }
    },
    {
        "type": "game",
        "name": "Dice Assassin",
        "steam_appid": 2573470,
        "required_age": 0,
        "is_free": false,
        "controller_support": "full",
        "detailed_description": "<h1>WISHLIST OUR UPCOMING GAME</h1><p><a href=\"https://store.steampowered.com/app/2298620/Raiders_of_Valhalla/\" target=\"_blank\" rel=\"\"  id=\"dynamiclink_0\" >https://store.steampowered.com/app/2298620/Raiders_of_Valhalla/</a></p><br><h1>JOIN THE COMMUNITY!</h1><p><a href=\"https://steamcommunity.com/linkfilter/?u=https%3A%2F%2Fdiscord.gg%2FuvCUbkv7zQ\" target=\"_blank\" rel=\" noopener\"  ><img class=\"bb_img\" src=\"https://shared.akamai.steamstatic.com/store_item_assets/steam/apps/2573470/extras/disc.png?t=1718108628\" /></a></p><br><h1>About the Game</h1><img class=\"bb_img\" src=\"https://shared.akamai.steamstatic.com/store_item_assets/steam/apps/2573470/extras/personagem.gif?t=1718108628\" /><br><br>Dice Assassin is a challenging game in which you defeat enemies on the board according to the numbers on the dice. Choose your moves using cards, position yourself strategically to defeat enemies on the board squares, and create tactics using action cards.<br>Positioning on the board is essential for victory, as you need to move strategically to confront enemies in the right squares. The movement on the board is reminiscent of classic board games, adding an extra layer of complexity to battles.<h2 class=\"bb_tag\">Choose Your Attack</h2><img class=\"bb_img\" src=\"https://shared.akamai.steamstatic.com/store_item_assets/steam/apps/2573470/extras/1.gif?t=1718108628\" /><br><br>The game's dynamics are simple but highly strategic. You select your attacks using cards that represent moves such as Slash, Dash, Backstep, Impact, and many others. Each type of attack has its own advantages and disadvantages, making it crucial to choose the best card for each situation.<h2 class=\"bb_tag\">Activate Card Abilities</h2><img class=\"bb_img\" src=\"https://shared.akamai.steamstatic.com/store_item_assets/steam/apps/2573470/extras/2.gif?t=1718108628\" /><br><br><img class=\"bb_img\" src=\"https://shared.akamai.steamstatic.com/store_item_assets/steam/apps/2573470/extras/3.gif?t=1718108628\" /><br><br>As you progress in the game, you collect skill cards that provide special effects, making your combat tactics even more versatile. Each suit of skill card offers distinct effects, meaning you need to adapt your strategy according to the cards you have in hand.<h2 class=\"bb_tag\">Defeat the Enemies!</h2><img class=\"bb_img\" src=\"https://shared.akamai.steamstatic.com/store_item_assets/steam/apps/2573470/extras/action.gif?t=1718108628\" /><br><br>Dice Assassin is an exciting game that combines the luck of the dice with card strategy and tactical movement on a board. Get ready to face diverse and challenging enemies as you hone your combat skills and develop winning strategies. It's a game that will captivate both board game enthusiasts and lovers of card games and strategy. Are you ready to accept the challenge and become a true assassin?<br><br><img class=\"bb_img\" src=\"https://shared.akamai.steamstatic.com/store_item_assets/steam/apps/2573470/extras/suavez.gif?t=1718108628\" /><br><br><a href=\"https://steamcommunity.com/linkfilter/?u=https%3A%2F%2Fafilgames.com%2F\" target=\"_blank\" rel=\" noopener\"  ><img class=\"bb_img\" src=\"https://shared.akamai.steamstatic.com/store_item_assets/steam/apps/2573470/extras/banner_logo2.png?t=1718108628\" /></a>",
        "about_the_game": "<img class=\"bb_img\" src=\"https://shared.akamai.steamstatic.com/store_item_assets/steam/apps/2573470/extras/personagem.gif?t=1718108628\" /><br><br>Dice Assassin is a challenging game in which you defeat enemies on the board according to the numbers on the dice. Choose your moves using cards, position yourself strategically to defeat enemies on the board squares, and create tactics using action cards.<br>Positioning on the board is essential for victory, as you need to move strategically to confront enemies in the right squares. The movement on the board is reminiscent of classic board games, adding an extra layer of complexity to battles.<h2 class=\"bb_tag\">Choose Your Attack</h2><img class=\"bb_img\" src=\"https://shared.akamai.steamstatic.com/store_item_assets/steam/apps/2573470/extras/1.gif?t=1718108628\" /><br><br>The game's dynamics are simple but highly strategic. You select your attacks using cards that represent moves such as Slash, Dash, Backstep, Impact, and many others. Each type of attack has its own advantages and disadvantages, making it crucial to choose the best card for each situation.<h2 class=\"bb_tag\">Activate Card Abilities</h2><img class=\"bb_img\" src=\"https://shared.akamai.steamstatic.com/store_item_assets/steam/apps/2573470/extras/2.gif?t=1718108628\" /><br><br><img class=\"bb_img\" src=\"https://shared.akamai.steamstatic.com/store_item_assets/steam/apps/2573470/extras/3.gif?t=1718108628\" /><br><br>As you progress in the game, you collect skill cards that provide special effects, making your combat tactics even more versatile. Each suit of skill card offers distinct effects, meaning you need to adapt your strategy according to the cards you have in hand.<h2 class=\"bb_tag\">Defeat the Enemies!</h2><img class=\"bb_img\" src=\"https://shared.akamai.steamstatic.com/store_item_assets/steam/apps/2573470/extras/action.gif?t=1718108628\" /><br><br>Dice Assassin is an exciting game that combines the luck of the dice with card strategy and tactical movement on a board. Get ready to face diverse and challenging enemies as you hone your combat skills and develop winning strategies. It's a game that will captivate both board game enthusiasts and lovers of card games and strategy. Are you ready to accept the challenge and become a true assassin?<br><br><img class=\"bb_img\" src=\"https://shared.akamai.steamstatic.com/store_item_assets/steam/apps/2573470/extras/suavez.gif?t=1718108628\" /><br><br><a href=\"https://steamcommunity.com/linkfilter/?u=https%3A%2F%2Fafilgames.com%2F\" target=\"_blank\" rel=\" noopener\"  ><img class=\"bb_img\" src=\"https://shared.akamai.steamstatic.com/store_item_assets/steam/apps/2573470/extras/banner_logo2.png?t=1718108628\" /></a>",
        "short_description": "Dice Assassin is a challenging game where you defeat enemies on the board according to the dice numbers. Choose attacks using cards, position yourself strategically to overcome enemies on the board, and devise tactics using action cards.",
        "supported_languages": "English, Portuguese - Brazil, Simplified Chinese",
        "header_image": "https://shared.akamai.steamstatic.com/store_item_assets/steam/apps/2573470/header.jpg?t=1718108628",
        "capsule_image": "https://shared.akamai.steamstatic.com/store_item_assets/steam/apps/2573470/capsule_231x87.jpg?t=1718108628",
        "capsule_imagev5": "https://shared.akamai.steamstatic.com/store_item_assets/steam/apps/2573470/capsule_184x69.jpg?t=1718108628",
        "website": "https://afilgames.com/",
        "pc_requirements": {
            "minimum": "<strong>Minimum:</strong><br><ul class=\"bb_ul\"><li><strong>OS *:</strong> Windows 7 or later<br></li><li><strong>Processor:</strong> 2.0 GHz<br></li><li><strong>Memory:</strong> 1 GB RAM<br></li><li><strong>Graphics:</strong> 512MB VRAM<br></li><li><strong>DirectX:</strong> Version 9.0<br></li><li><strong>Storage:</strong> 2 GB available space<br></li><li><strong>Sound Card:</strong> Not Required</li></ul>"
        },
        "mac_requirements": [],
        "linux_requirements": [],
        "developers": [
            "Afil Games"
        ],
        "publishers": [
            "Afil Games"
        ],
        "price_overview": {
            "currency": "EUR",
            "initial": 299,
            "final": 299,
            "discount_percent": 0,
            "initial_formatted": "",
            "final_formatted": "2,99€"
        },
        "packages": [
            924144
        ],
        "package_groups": [
            {
                "name": "default",
                "title": "Buy Dice Assassin",
                "description": "",
                "selection_text": "Select a purchase option",
                "save_text": "",
                "display_type": 0,
                "is_recurring_subscription": "false",
                "subs": [
                    {
                        "packageid": 924144,
                        "percent_savings_text": " ",
                        "percent_savings": 0,
                        "option_text": "Dice Assassin - 2,99€",
                        "option_description": "",
                        "can_get_free_license": "0",
                        "is_free_license": false,
                        "price_in_cents_with_discount": 299
                    }
                ]
            }
        ],
        "platforms": {
            "windows": true,
            "mac": false,
            "linux": false
        },
        "categories": [
            {
                "id": 2,
                "description": "Single-player"
            },
            {
                "id": 22,
                "description": "Steam Achievements"
            },
            {
                "id": 28,
                "description": "Full controller support"
            },
            {
                "id": 62,
                "description": "Family Sharing"
            }
        ],
        "genres": [
            {
                "id": "1",
                "description": "Action"
            },
            {
                "id": "4",
                "description": "Casual"
            },
            {
                "id": "2",
                "description": "Strategy"
            }
        ],
        "screenshots": [
            {
                "id": 0,
                "path_thumbnail": "https://shared.akamai.steamstatic.com/store_item_assets/steam/apps/2573470/ss_bae00fc0689e0e99673ec1779d58ce9b5e95604a.600x338.jpg?t=1718108628",
                "path_full": "https://shared.akamai.steamstatic.com/store_item_assets/steam/apps/2573470/ss_bae00fc0689e0e99673ec1779d58ce9b5e95604a.1920x1080.jpg?t=1718108628"
            },
            {
                "id": 1,
                "path_thumbnail": "https://shared.akamai.steamstatic.com/store_item_assets/steam/apps/2573470/ss_0b91ddb211faa66998dfea3a63f6609e63ebd2cf.600x338.jpg?t=1718108628",
                "path_full": "https://shared.akamai.steamstatic.com/store_item_assets/steam/apps/2573470/ss_0b91ddb211faa66998dfea3a63f6609e63ebd2cf.1920x1080.jpg?t=1718108628"
            },
            {
                "id": 2,
                "path_thumbnail": "https://shared.akamai.steamstatic.com/store_item_assets/steam/apps/2573470/ss_9abe42d1611965fb2cd08a66bef7f393a9ffd543.600x338.jpg?t=1718108628",
                "path_full": "https://shared.akamai.steamstatic.com/store_item_assets/steam/apps/2573470/ss_9abe42d1611965fb2cd08a66bef7f393a9ffd543.1920x1080.jpg?t=1718108628"
            },
            {
                "id": 3,
                "path_thumbnail": "https://shared.akamai.steamstatic.com/store_item_assets/steam/apps/2573470/ss_93fe5396aa27e134c0576ba488d90465c572897b.600x338.jpg?t=1718108628",
                "path_full": "https://shared.akamai.steamstatic.com/store_item_assets/steam/apps/2573470/ss_93fe5396aa27e134c0576ba488d90465c572897b.1920x1080.jpg?t=1718108628"
            },
            {
                "id": 4,
                "path_thumbnail": "https://shared.akamai.steamstatic.com/store_item_assets/steam/apps/2573470/ss_fb570d07b9e4a038786581056b16429c15848dd0.600x338.jpg?t=1718108628",
                "path_full": "https://shared.akamai.steamstatic.com/store_item_assets/steam/apps/2573470/ss_fb570d07b9e4a038786581056b16429c15848dd0.1920x1080.jpg?t=1718108628"
            },
            {
                "id": 5,
                "path_thumbnail": "https://shared.akamai.steamstatic.com/store_item_assets/steam/apps/2573470/ss_3f0c9978332ae5b1e61d07036c3431cf1381f3d0.600x338.jpg?t=1718108628",
                "path_full": "https://shared.akamai.steamstatic.com/store_item_assets/steam/apps/2573470/ss_3f0c9978332ae5b1e61d07036c3431cf1381f3d0.1920x1080.jpg?t=1718108628"
            }
        ],
        "movies": [
            {
                "id": 256971755,
                "name": "Dice Assassin Trailer",
                "thumbnail": "https://shared.akamai.steamstatic.com/store_item_assets/steam/apps/256971755/movie.293x165.jpg?t=1695722637",
                "webm": {
                    "480": "http://video.akamai.steamstatic.com/store_trailers/256971755/movie480_vp9.webm?t=1695722637",
                    "max": "http://video.akamai.steamstatic.com/store_trailers/256971755/movie_max_vp9.webm?t=1695722637"
                },
                "mp4": {
                    "480": "http://video.akamai.steamstatic.com/store_trailers/256971755/movie480.mp4?t=1695722637",
                    "max": "http://video.akamai.steamstatic.com/store_trailers/256971755/movie_max.mp4?t=1695722637"
                },
                "highlight": true
            }
        ],
        "achievements": {
            "total": 22,
            "highlighted": [
                {
                    "name": "First time?",
                    "path": "https://cdn.akamai.steamstatic.com/steamcommunity/public/images/apps/2573470/472abe11b5fc99ef6b8c516ea0cd913ad2b22f83.jpg"
                },
                {
                    "name": "A new legend emerges",
                    "path": "https://cdn.akamai.steamstatic.com/steamcommunity/public/images/apps/2573470/3357a71308f9590882b516913f7bf6b28aca6afe.jpg"
                },
                {
                    "name": "Five times better",
                    "path": "https://cdn.akamai.steamstatic.com/steamcommunity/public/images/apps/2573470/7479651351ad16854861e718f8e9cc777e00d7ad.jpg"
                },
                {
                    "name": "The survivor",
                    "path": "https://cdn.akamai.steamstatic.com/steamcommunity/public/images/apps/2573470/0f458ce8fe056cd8477a373c4da32d4b416def8c.jpg"
                },
                {
                    "name": "Let's Go to the Mall",
                    "path": "https://cdn.akamai.steamstatic.com/steamcommunity/public/images/apps/2573470/11c572218d811b9e3c655f63c4be3308b1b29b2c.jpg"
                },
                {
                    "name": "Mouse hunter",
                    "path": "https://cdn.akamai.steamstatic.com/steamcommunity/public/images/apps/2573470/20d18cd4d1fb51f1707192892e5f6575cb91180c.jpg"
                },
                {
                    "name": "It's a joker",
                    "path": "https://cdn.akamai.steamstatic.com/steamcommunity/public/images/apps/2573470/5fb016a12dd90412b7d2bf1f4dc648525e7e9fcd.jpg"
                },
                {
                    "name": "What a weird dog",
                    "path": "https://cdn.akamai.steamstatic.com/steamcommunity/public/images/apps/2573470/7fdf07a12271d90f91b458608263337836357d9b.jpg"
                },
                {
                    "name": "No damage",
                    "path": "https://cdn.akamai.steamstatic.com/steamcommunity/public/images/apps/2573470/2d7e7f405c095b294b9b5d766bde6b68d8123ef1.jpg"
                },
                {
                    "name": "Facing it head on",
                    "path": "https://cdn.akamai.steamstatic.com/steamcommunity/public/images/apps/2573470/cf6712771d0a80634b3455883b5a1dbfbf3bd96f.jpg"
                }
            ]
        },
        "release_date": {
            "coming_soon": false,
            "date": "25 Apr, 2024"
        },
        "support_info": {
            "url": "https://afilgames.com/contact/",
            "email": "contact@afilgames.com"
        },
        "background": "https://shared.akamai.steamstatic.com/store_item_assets/steam/apps/2573470/page_bg_generated_v6b.jpg?t=1718108628",
        "background_raw": "https://shared.akamai.steamstatic.com/store_item_assets/steam/apps/2573470/page.bg.jpg?t=1718108628",
        "content_descriptors": {
            "ids": [],
            "notes": null
        },
        "ratings": {
            "dejus": {
                "rating_generated": "1",
                "rating": "l",
                "required_age": "0",
                "banned": "0",
                "use_age_gate": "0",
                "descriptors": "Violência fantasiosa"
            },
            "steam_germany": {
                "rating_generated": "1",
                "rating": "6",
                "required_age": "6",
                "banned": "0",
                "use_age_gate": "0",
                "descriptors": "Fantasy-Gewalt"
            }
        }
    },
    {
        "type": "game",
        "name": "Tongue Tale",
        "steam_appid": 2573490,
        "required_age": 0,
        "is_free": false,
        "controller_support": "full",
        "detailed_description": "Leap, stick, and swing your way through the enchanting realms of <strong>Tongue Tale</strong> – a vibrant 2D platformer where you step into the webbed feet of a fearless blue frog!<br><br><img class=\"bb_img\" src=\"https://shared.akamai.steamstatic.com/store_item_assets/steam/apps/2573490/extras/steamPageHR1.png?t=1712925915\" /><h2 class=\"bb_tag\">Sticky Mechanics</h2>Master the art of the tongue! Use it not just to snack flies, but also to cling to walls, swing over gaping chasms, and outplay your foes.<h2 class=\"bb_tag\">Vast Worlds Awaiting</h2>Journey through 7 beautifully hand-crafted worlds, each bursting with unique challenges, secrets, and charming aesthetics.<br><img class=\"bb_img\" src=\"https://shared.akamai.steamstatic.com/store_item_assets/steam/apps/2573490/extras/ShopNormalGame.gif?t=1712925915\" /><h2 class=\"bb_tag\">Boss Battles</h2>Confront and defeat 7 unforgettable bosses, each guarding their domain with unique skills and strategies. Test your wits and reflexes against these formidable foes.<h2 class=\"bb_tag\">Dark World</h2> If you are looking for an extra challenge, play Dark World and climb the leaderboards.<br><br><img class=\"bb_img\" src=\"https://shared.akamai.steamstatic.com/store_item_assets/steam/apps/2573490/extras/SteamPageHR2.png?t=1712925915\" /><br>Battle your friends and use all the movement techniques your tongue offers to you to outplay them.<br>Beat them in 80+ Minigames to get the crown!<br><br><img class=\"bb_img\" src=\"https://shared.akamai.steamstatic.com/store_item_assets/steam/apps/2573490/extras/battle.gif?t=1712925915\" /><br><br>Can you navigate the challenging terrains, overcome the daunting bosses, and prove that even a tiny frog can rise to hero status? Get ready for <strong>Tongue Tale!</strong>",
        "about_the_game": "Leap, stick, and swing your way through the enchanting realms of <strong>Tongue Tale</strong> – a vibrant 2D platformer where you step into the webbed feet of a fearless blue frog!<br><br><img class=\"bb_img\" src=\"https://shared.akamai.steamstatic.com/store_item_assets/steam/apps/2573490/extras/steamPageHR1.png?t=1712925915\" /><h2 class=\"bb_tag\">Sticky Mechanics</h2>Master the art of the tongue! Use it not just to snack flies, but also to cling to walls, swing over gaping chasms, and outplay your foes.<h2 class=\"bb_tag\">Vast Worlds Awaiting</h2>Journey through 7 beautifully hand-crafted worlds, each bursting with unique challenges, secrets, and charming aesthetics.<br><img class=\"bb_img\" src=\"https://shared.akamai.steamstatic.com/store_item_assets/steam/apps/2573490/extras/ShopNormalGame.gif?t=1712925915\" /><h2 class=\"bb_tag\">Boss Battles</h2>Confront and defeat 7 unforgettable bosses, each guarding their domain with unique skills and strategies. Test your wits and reflexes against these formidable foes.<h2 class=\"bb_tag\">Dark World</h2> If you are looking for an extra challenge, play Dark World and climb the leaderboards.<br><br><img class=\"bb_img\" src=\"https://shared.akamai.steamstatic.com/store_item_assets/steam/apps/2573490/extras/SteamPageHR2.png?t=1712925915\" /><br>Battle your friends and use all the movement techniques your tongue offers to you to outplay them.<br>Beat them in 80+ Minigames to get the crown!<br><br><img class=\"bb_img\" src=\"https://shared.akamai.steamstatic.com/store_item_assets/steam/apps/2573490/extras/battle.gif?t=1712925915\" /><br><br>Can you navigate the challenging terrains, overcome the daunting bosses, and prove that even a tiny frog can rise to hero status? Get ready for <strong>Tongue Tale!</strong>",
        "short_description": "Join our little frog on a journey to save its world or fight your friends in party mode! Navigate through challenging levels in this hand-crafted platformer. With each leap and obstacle, you're one step closer to restoring balance. Dive in and help our amphibian hero make a difference!",
        "supported_languages": "English<strong>*</strong>, German<strong>*</strong><br><strong>*</strong>languages with full audio support",
        "header_image": "https://shared.akamai.steamstatic.com/store_item_assets/steam/apps/2573490/header.jpg?t=1712925915",
        "capsule_image": "https://shared.akamai.steamstatic.com/store_item_assets/steam/apps/2573490/capsule_231x87.jpg?t=1712925915",
        "capsule_imagev5": "https://shared.akamai.steamstatic.com/store_item_assets/steam/apps/2573490/capsule_184x69.jpg?t=1712925915",
        "website": null,
        "pc_requirements": {
            "minimum": "<strong>Minimum:</strong><br><ul class=\"bb_ul\"><li><strong>OS *:</strong> Windows 7 or newer<br></li><li><strong>Processor:</strong> Intel Core i3 M380<br></li><li><strong>Memory:</strong> 2 GB RAM<br></li><li><strong>Graphics:</strong> Intel HD 4000<br></li><li><strong>DirectX:</strong> Version 10<br></li><li><strong>Storage:</strong> 500 MB available space</li></ul>"
        },
        "mac_requirements": [],
        "linux_requirements": [],
        "developers": [
            "Remke Albrecht"
        ],
        "publishers": [
            "Remke Albrecht"
        ],
        "price_overview": {
            "currency": "EUR",
            "initial": 799,
            "final": 799,
            "discount_percent": 0,
            "initial_formatted": "",
            "final_formatted": "7,99€"
        },
        "packages": [
            924150
        ],
        "package_groups": [
            {
                "name": "default",
                "title": "Buy Tongue Tale",
                "description": "",
                "selection_text": "Select a purchase option",
                "save_text": "",
                "display_type": 0,
                "is_recurring_subscription": "false",
                "subs": [
                    {
                        "packageid": 924150,
                        "percent_savings_text": " ",
                        "percent_savings": 0,
                        "option_text": "Tongue Tale - 7,99€",
                        "option_description": "",
                        "can_get_free_license": "0",
                        "is_free_license": false,
                        "price_in_cents_with_discount": 799
                    }
                ]
            }
        ],
        "platforms": {
            "windows": true,
            "mac": false,
            "linux": false
        },
        "categories": [
            {
                "id": 2,
                "description": "Single-player"
            },
            {
                "id": 1,
                "description": "Multi-player"
            },
            {
                "id": 49,
                "description": "PvP"
            },
            {
                "id": 37,
                "description": "Shared/Split Screen PvP"
            },
            {
                "id": 24,
                "description": "Shared/Split Screen"
            },
            {
                "id": 28,
                "description": "Full controller support"
            },
            {
                "id": 23,
                "description": "Steam Cloud"
            },
            {
                "id": 25,
                "description": "Steam Leaderboards"
            },
            {
                "id": 44,
                "description": "Remote Play Together"
            },
            {
                "id": 62,
                "description": "Family Sharing"
            }
        ],
        "genres": [
            {
                "id": "1",
                "description": "Action"
            },
            {
                "id": "25",
                "description": "Adventure"
            },
            {
                "id": "23",
                "description": "Indie"
            }
        ],
        "screenshots": [
            {
                "id": 0,
                "path_thumbnail": "https://shared.akamai.steamstatic.com/store_item_assets/steam/apps/2573490/ss_64bfba456637d9ee8a2c6f9d6025bd2e1d9b7715.600x338.jpg?t=1712925915",
                "path_full": "https://shared.akamai.steamstatic.com/store_item_assets/steam/apps/2573490/ss_64bfba456637d9ee8a2c6f9d6025bd2e1d9b7715.1920x1080.jpg?t=1712925915"
            },
            {
                "id": 1,
                "path_thumbnail": "https://shared.akamai.steamstatic.com/store_item_assets/steam/apps/2573490/ss_001a95e8d97fc4f1ad6c08c7e1c0fc119a3c95e8.600x338.jpg?t=1712925915",
                "path_full": "https://shared.akamai.steamstatic.com/store_item_assets/steam/apps/2573490/ss_001a95e8d97fc4f1ad6c08c7e1c0fc119a3c95e8.1920x1080.jpg?t=1712925915"
            },
            {
                "id": 2,
                "path_thumbnail": "https://shared.akamai.steamstatic.com/store_item_assets/steam/apps/2573490/ss_7dd5c812224458b72925504d81d1604e8df74cf9.600x338.jpg?t=1712925915",
                "path_full": "https://shared.akamai.steamstatic.com/store_item_assets/steam/apps/2573490/ss_7dd5c812224458b72925504d81d1604e8df74cf9.1920x1080.jpg?t=1712925915"
            },
            {
                "id": 3,
                "path_thumbnail": "https://shared.akamai.steamstatic.com/store_item_assets/steam/apps/2573490/ss_ab2f41805d265557e7ea82c5d1bf90a065c73645.600x338.jpg?t=1712925915",
                "path_full": "https://shared.akamai.steamstatic.com/store_item_assets/steam/apps/2573490/ss_ab2f41805d265557e7ea82c5d1bf90a065c73645.1920x1080.jpg?t=1712925915"
            },
            {
                "id": 4,
                "path_thumbnail": "https://shared.akamai.steamstatic.com/store_item_assets/steam/apps/2573490/ss_c8aa6d17f9f35b02be591ca64ddf8c71c064231f.600x338.jpg?t=1712925915",
                "path_full": "https://shared.akamai.steamstatic.com/store_item_assets/steam/apps/2573490/ss_c8aa6d17f9f35b02be591ca64ddf8c71c064231f.1920x1080.jpg?t=1712925915"
            },
            {
                "id": 5,
                "path_thumbnail": "https://shared.akamai.steamstatic.com/store_item_assets/steam/apps/2573490/ss_9acdccc195549c583dbf78016e6100cb47cb9ff2.600x338.jpg?t=1712925915",
                "path_full": "https://shared.akamai.steamstatic.com/store_item_assets/steam/apps/2573490/ss_9acdccc195549c583dbf78016e6100cb47cb9ff2.1920x1080.jpg?t=1712925915"
            },
            {
                "id": 6,
                "path_thumbnail": "https://shared.akamai.steamstatic.com/store_item_assets/steam/apps/2573490/ss_8939fd1a02b607e1bcb2d302e7a1c28d7e763039.600x338.jpg?t=1712925915",
                "path_full": "https://shared.akamai.steamstatic.com/store_item_assets/steam/apps/2573490/ss_8939fd1a02b607e1bcb2d302e7a1c28d7e763039.1920x1080.jpg?t=1712925915"
            },
            {
                "id": 7,
                "path_thumbnail": "https://shared.akamai.steamstatic.com/store_item_assets/steam/apps/2573490/ss_76fc53cf8d9394c77cf670e151c09dbbd532600a.600x338.jpg?t=1712925915",
                "path_full": "https://shared.akamai.steamstatic.com/store_item_assets/steam/apps/2573490/ss_76fc53cf8d9394c77cf670e151c09dbbd532600a.1920x1080.jpg?t=1712925915"
            },
            {
                "id": 8,
                "path_thumbnail": "https://shared.akamai.steamstatic.com/store_item_assets/steam/apps/2573490/ss_bb4fec80b1abba1754fce0fe03a998300428a403.600x338.jpg?t=1712925915",
                "path_full": "https://shared.akamai.steamstatic.com/store_item_assets/steam/apps/2573490/ss_bb4fec80b1abba1754fce0fe03a998300428a403.1920x1080.jpg?t=1712925915"
            }
        ],
        "movies": [
            {
                "id": 257011642,
                "name": "Launch Trailer",
                "thumbnail": "https://shared.akamai.steamstatic.com/store_item_assets/steam/apps/257011642/movie.293x165.jpg?t=1711570852",
                "webm": {
                    "480": "http://video.akamai.steamstatic.com/store_trailers/257011642/movie480_vp9.webm?t=1711570852",
                    "max": "http://video.akamai.steamstatic.com/store_trailers/257011642/movie_max_vp9.webm?t=1711570852"
                },
                "mp4": {
                    "480": "http://video.akamai.steamstatic.com/store_trailers/257011642/movie480.mp4?t=1711570852",
                    "max": "http://video.akamai.steamstatic.com/store_trailers/257011642/movie_max.mp4?t=1711570852"
                },
                "highlight": true
            },
            {
                "id": 257011643,
                "name": "Party Mode Trailer",
                "thumbnail": "https://shared.akamai.steamstatic.com/store_item_assets/steam/apps/257011643/movie.293x165.jpg?t=1711570859",
                "webm": {
                    "480": "http://video.akamai.steamstatic.com/store_trailers/257011643/movie480_vp9.webm?t=1711570859",
                    "max": "http://video.akamai.steamstatic.com/store_trailers/257011643/movie_max_vp9.webm?t=1711570859"
                },
                "mp4": {
                    "480": "http://video.akamai.steamstatic.com/store_trailers/257011643/movie480.mp4?t=1711570859",
                    "max": "http://video.akamai.steamstatic.com/store_trailers/257011643/movie_max.mp4?t=1711570859"
                },
                "highlight": true
            },
            {
                "id": 256965859,
                "name": "Reveal Trailer",
                "thumbnail": "https://shared.akamai.steamstatic.com/store_item_assets/steam/apps/256965859/movie.293x165.jpg?t=1693327222",
                "webm": {
                    "480": "http://video.akamai.steamstatic.com/store_trailers/256965859/movie480_vp9.webm?t=1693327222",
                    "max": "http://video.akamai.steamstatic.com/store_trailers/256965859/movie_max_vp9.webm?t=1693327222"
                },
                "mp4": {
                    "480": "http://video.akamai.steamstatic.com/store_trailers/256965859/movie480.mp4?t=1693327222",
                    "max": "http://video.akamai.steamstatic.com/store_trailers/256965859/movie_max.mp4?t=1693327222"
                },
                "highlight": true
            }
        ],
        "release_date": {
            "coming_soon": false,
            "date": "12 Apr, 2024"
        },
        "support_info": {
            "url": "https://regamer.de/",
            "email": "remkealbrecht@gmail.com"
        },
        "background": "https://shared.akamai.steamstatic.com/store_item_assets/steam/apps/2573490/page_bg_generated_v6b.jpg?t=1712925915",
        "background_raw": "https://shared.akamai.steamstatic.com/store_item_assets/steam/apps/2573490/page.bg.jpg?t=1712925915",
        "content_descriptors": {
            "ids": [],
            "notes": null
        },
        "ratings": {
            "dejus": {
                "rating_generated": "1",
                "rating": "l",
                "required_age": "0",
                "banned": "0",
                "use_age_gate": "0",
                "descriptors": "Violência fantasiosa"
            },
            "steam_germany": {
                "rating_generated": "1",
                "rating": "6",
                "required_age": "6",
                "banned": "0",
                "use_age_gate": "0",
                "descriptors": "Fantasy-Gewalt"
            }
        }
    }
]